age,gender,filename,filepath
3,1,00013_00M19.JPG,/kaggle/input/morph/Dataset/Images/Train/00013_00M19.JPG
3,1,00013_01M19.JPG,/kaggle/input/morph/Dataset/Images/Train/00013_01M19.JPG
3,1,00013_02M19.JPG,/kaggle/input/morph/Dataset/Images/Train/00013_02M19.JPG
3,1,00022_03M19.JPG,/kaggle/input/morph/Dataset/Images/Train/00022_03M19.JPG
4,1,00022_04M20.JPG,/kaggle/input/morph/Dataset/Images/Train/00022_04M20.JPG
14,1,00027_00M30.JPG,/kaggle/input/morph/Dataset/Images/Train/00027_00M30.JPG
1,0,00033_00F17.JPG,/kaggle/input/morph/Dataset/Images/Train/00033_00F17.JPG
3,0,00033_02F19.JPG,/kaggle/input/morph/Dataset/Images/Train/00033_02F19.JPG
30,1,0006_2M46.JPG,/kaggle/input/morph/Dataset/Images/Train/0006_2M46.JPG
24,1,00073_00M40.JPG,/kaggle/input/morph/Dataset/Images/Train/00073_00M40.JPG
0,1,0007_01M16.JPG,/kaggle/input/morph/Dataset/Images/Train/0007_01M16.JPG
1,1,0007_04M17.JPG,/kaggle/input/morph/Dataset/Images/Train/0007_04M17.JPG
28,0,0007_1F44.JPG,/kaggle/input/morph/Dataset/Images/Train/0007_1F44.JPG
26,0,00098_02F42.JPG,/kaggle/input/morph/Dataset/Images/Train/00098_02F42.JPG
7,1,00109_02M23.JPG,/kaggle/input/morph/Dataset/Images/Train/00109_02M23.JPG
25,1,00111_03M41.JPG,/kaggle/input/morph/Dataset/Images/Train/00111_03M41.JPG
25,1,00111_06M41.JPG,/kaggle/input/morph/Dataset/Images/Train/00111_06M41.JPG
14,1,0011_02M30.JPG,/kaggle/input/morph/Dataset/Images/Train/0011_02M30.JPG
40,1,00121_05M56.JPG,/kaggle/input/morph/Dataset/Images/Train/00121_05M56.JPG
4,1,0013_06M20.JPG,/kaggle/input/morph/Dataset/Images/Train/0013_06M20.JPG
19,1,00144_02M35.JPG,/kaggle/input/morph/Dataset/Images/Train/00144_02M35.JPG
21,1,00144_04M37.JPG,/kaggle/input/morph/Dataset/Images/Train/00144_04M37.JPG
11,1,00199_00M27.JPG,/kaggle/input/morph/Dataset/Images/Train/00199_00M27.JPG
21,1,00205_04M37.JPG,/kaggle/input/morph/Dataset/Images/Train/00205_04M37.JPG
3,1,00217_00M19.JPG,/kaggle/input/morph/Dataset/Images/Train/00217_00M19.JPG
4,1,00217_01M20.JPG,/kaggle/input/morph/Dataset/Images/Train/00217_01M20.JPG
22,0,00222_0F38.JPG,/kaggle/input/morph/Dataset/Images/Train/00222_0F38.JPG
23,0,00222_1F39.JPG,/kaggle/input/morph/Dataset/Images/Train/00222_1F39.JPG
15,0,00225_02F31.JPG,/kaggle/input/morph/Dataset/Images/Train/00225_02F31.JPG
13,1,00231_03M29.JPG,/kaggle/input/morph/Dataset/Images/Train/00231_03M29.JPG
2,1,00242_04M18.JPG,/kaggle/input/morph/Dataset/Images/Train/00242_04M18.JPG
9,1,00243_01M25.JPG,/kaggle/input/morph/Dataset/Images/Train/00243_01M25.JPG
9,1,00243_02M25.JPG,/kaggle/input/morph/Dataset/Images/Train/00243_02M25.JPG
9,1,00243_03M25.JPG,/kaggle/input/morph/Dataset/Images/Train/00243_03M25.JPG
9,1,00243_05M25.JPG,/kaggle/input/morph/Dataset/Images/Train/00243_05M25.JPG
10,1,00243_06M26.JPG,/kaggle/input/morph/Dataset/Images/Train/00243_06M26.JPG
13,1,00247_01M29.JPG,/kaggle/input/morph/Dataset/Images/Train/00247_01M29.JPG
22,1,00259_1M38.JPG,/kaggle/input/morph/Dataset/Images/Train/00259_1M38.JPG
7,1,00260_01M23.JPG,/kaggle/input/morph/Dataset/Images/Train/00260_01M23.JPG
19,0,00269_02F35.JPG,/kaggle/input/morph/Dataset/Images/Train/00269_02F35.JPG
24,1,0026_0M40.JPG,/kaggle/input/morph/Dataset/Images/Train/0026_0M40.JPG
18,1,00275_2M34.JPG,/kaggle/input/morph/Dataset/Images/Train/00275_2M34.JPG
19,1,00276_4M35.JPG,/kaggle/input/morph/Dataset/Images/Train/00276_4M35.JPG
34,1,00281_1M50.JPG,/kaggle/input/morph/Dataset/Images/Train/00281_1M50.JPG
35,1,00281_2M51.JPG,/kaggle/input/morph/Dataset/Images/Train/00281_2M51.JPG
6,1,00304_02M22.JPG,/kaggle/input/morph/Dataset/Images/Train/00304_02M22.JPG
3,1,00311_01M19.JPG,/kaggle/input/morph/Dataset/Images/Train/00311_01M19.JPG
26,0,00333_01F42.JPG,/kaggle/input/morph/Dataset/Images/Train/00333_01F42.JPG
27,0,00333_02F43.JPG,/kaggle/input/morph/Dataset/Images/Train/00333_02F43.JPG
18,0,0033_0F34.JPG,/kaggle/input/morph/Dataset/Images/Train/0033_0F34.JPG
10,1,00365_01M26.JPG,/kaggle/input/morph/Dataset/Images/Train/00365_01M26.JPG
23,1,00370_09M39.JPG,/kaggle/input/morph/Dataset/Images/Train/00370_09M39.JPG
19,1,00370_0M35.JPG,/kaggle/input/morph/Dataset/Images/Train/00370_0M35.JPG
19,1,00370_1M35.JPG,/kaggle/input/morph/Dataset/Images/Train/00370_1M35.JPG
19,1,00370_4M35.JPG,/kaggle/input/morph/Dataset/Images/Train/00370_4M35.JPG
12,1,00385_01M28.JPG,/kaggle/input/morph/Dataset/Images/Train/00385_01M28.JPG
28,1,00423_06M44.JPG,/kaggle/input/morph/Dataset/Images/Train/00423_06M44.JPG
38,1,00423_07M54.JPG,/kaggle/input/morph/Dataset/Images/Train/00423_07M54.JPG
26,1,00423_3M42.JPG,/kaggle/input/morph/Dataset/Images/Train/00423_3M42.JPG
15,1,00449_02M31.JPG,/kaggle/input/morph/Dataset/Images/Train/00449_02M31.JPG
21,0,00457_03F37.JPG,/kaggle/input/morph/Dataset/Images/Train/00457_03F37.JPG
20,0,00457_0F36.JPG,/kaggle/input/morph/Dataset/Images/Train/00457_0F36.JPG
13,1,00507_03M29.JPG,/kaggle/input/morph/Dataset/Images/Train/00507_03M29.JPG
44,1,00522_02M60.JPG,/kaggle/input/morph/Dataset/Images/Train/00522_02M60.JPG
27,1,0054_3M43.JPG,/kaggle/input/morph/Dataset/Images/Train/0054_3M43.JPG
28,0,00553_04F44.JPG,/kaggle/input/morph/Dataset/Images/Train/00553_04F44.JPG
28,0,00553_05F44.JPG,/kaggle/input/morph/Dataset/Images/Train/00553_05F44.JPG
24,0,00553_0F40.JPG,/kaggle/input/morph/Dataset/Images/Train/00553_0F40.JPG
18,1,00564_00M34.JPG,/kaggle/input/morph/Dataset/Images/Train/00564_00M34.JPG
12,1,00570_05M28.JPG,/kaggle/input/morph/Dataset/Images/Train/00570_05M28.JPG
2,1,00581_00M18.JPG,/kaggle/input/morph/Dataset/Images/Train/00581_00M18.JPG
2,1,00581_01M18.JPG,/kaggle/input/morph/Dataset/Images/Train/00581_01M18.JPG
23,1,00603_0M39.JPG,/kaggle/input/morph/Dataset/Images/Train/00603_0M39.JPG
3,1,00653_01M19.JPG,/kaggle/input/morph/Dataset/Images/Train/00653_01M19.JPG
3,1,00653_02M19.JPG,/kaggle/input/morph/Dataset/Images/Train/00653_02M19.JPG
46,1,00654_04M62.JPG,/kaggle/input/morph/Dataset/Images/Train/00654_04M62.JPG
22,1,00675_05M38.JPG,/kaggle/input/morph/Dataset/Images/Train/00675_05M38.JPG
14,1,00686_02M30.JPG,/kaggle/input/morph/Dataset/Images/Train/00686_02M30.JPG
2,1,0068_05M18.JPG,/kaggle/input/morph/Dataset/Images/Train/0068_05M18.JPG
4,1,00730_01M20.JPG,/kaggle/input/morph/Dataset/Images/Train/00730_01M20.JPG
4,1,00730_02M20.JPG,/kaggle/input/morph/Dataset/Images/Train/00730_02M20.JPG
23,0,00734_1F39.JPG,/kaggle/input/morph/Dataset/Images/Train/00734_1F39.JPG
33,1,00741_1M49.JPG,/kaggle/input/morph/Dataset/Images/Train/00741_1M49.JPG
20,1,00744_12M36.JPG,/kaggle/input/morph/Dataset/Images/Train/00744_12M36.JPG
5,1,0074_00M21.JPG,/kaggle/input/morph/Dataset/Images/Train/0074_00M21.JPG
6,1,0074_02M22.JPG,/kaggle/input/morph/Dataset/Images/Train/0074_02M22.JPG
2,1,0075_01M18.JPG,/kaggle/input/morph/Dataset/Images/Train/0075_01M18.JPG
2,1,0075_03M18.JPG,/kaggle/input/morph/Dataset/Images/Train/0075_03M18.JPG
8,1,00761_00M24.JPG,/kaggle/input/morph/Dataset/Images/Train/00761_00M24.JPG
10,1,00761_04M26.JPG,/kaggle/input/morph/Dataset/Images/Train/00761_04M26.JPG
2,0,0077_02F18.JPG,/kaggle/input/morph/Dataset/Images/Train/0077_02F18.JPG
10,1,00796_03M26.JPG,/kaggle/input/morph/Dataset/Images/Train/00796_03M26.JPG
10,1,00796_05M26.JPG,/kaggle/input/morph/Dataset/Images/Train/00796_05M26.JPG
11,1,00796_06M27.JPG,/kaggle/input/morph/Dataset/Images/Train/00796_06M27.JPG
4,1,00800_03M20.JPG,/kaggle/input/morph/Dataset/Images/Train/00800_03M20.JPG
17,1,00810_0M33.JPG,/kaggle/input/morph/Dataset/Images/Train/00810_0M33.JPG
19,1,00824_1M35.JPG,/kaggle/input/morph/Dataset/Images/Train/00824_1M35.JPG
29,0,00837_06F45.JPG,/kaggle/input/morph/Dataset/Images/Train/00837_06F45.JPG
30,0,00837_10F46.JPG,/kaggle/input/morph/Dataset/Images/Train/00837_10F46.JPG
25,1,00849_00M41.JPG,/kaggle/input/morph/Dataset/Images/Train/00849_00M41.JPG
27,1,00849_05M43.JPG,/kaggle/input/morph/Dataset/Images/Train/00849_05M43.JPG
3,1,00861_01M19.JPG,/kaggle/input/morph/Dataset/Images/Train/00861_01M19.JPG
1,0,00872_00F17.JPG,/kaggle/input/morph/Dataset/Images/Train/00872_00F17.JPG
2,0,00872_01F18.JPG,/kaggle/input/morph/Dataset/Images/Train/00872_01F18.JPG
5,1,00874_00M21.JPG,/kaggle/input/morph/Dataset/Images/Train/00874_00M21.JPG
11,1,00881_01M27.JPG,/kaggle/input/morph/Dataset/Images/Train/00881_01M27.JPG
12,1,00881_03M28.JPG,/kaggle/input/morph/Dataset/Images/Train/00881_03M28.JPG
20,1,00891_2M36.JPG,/kaggle/input/morph/Dataset/Images/Train/00891_2M36.JPG
19,1,00895_07M35.JPG,/kaggle/input/morph/Dataset/Images/Train/00895_07M35.JPG
17,1,00895_0M33.JPG,/kaggle/input/morph/Dataset/Images/Train/00895_0M33.JPG
18,1,00895_6M34.JPG,/kaggle/input/morph/Dataset/Images/Train/00895_6M34.JPG
22,0,0089_02F38.JPG,/kaggle/input/morph/Dataset/Images/Train/0089_02F38.JPG
17,1,00902_0M33.JPG,/kaggle/input/morph/Dataset/Images/Train/00902_0M33.JPG
19,1,00902_11M35.JPG,/kaggle/input/morph/Dataset/Images/Train/00902_11M35.JPG
18,1,00902_1M34.JPG,/kaggle/input/morph/Dataset/Images/Train/00902_1M34.JPG
18,1,00902_6M34.JPG,/kaggle/input/morph/Dataset/Images/Train/00902_6M34.JPG
38,1,009055_1M54.JPG,/kaggle/input/morph/Dataset/Images/Train/009055_1M54.JPG
14,1,00918_01M30.JPG,/kaggle/input/morph/Dataset/Images/Train/00918_01M30.JPG
24,1,00919_02M40.JPG,/kaggle/input/morph/Dataset/Images/Train/00919_02M40.JPG
8,0,0092_00F24.JPG,/kaggle/input/morph/Dataset/Images/Train/0092_00F24.JPG
11,0,0092_01F27.JPG,/kaggle/input/morph/Dataset/Images/Train/0092_01F27.JPG
32,0,00931_0F48.JPG,/kaggle/input/morph/Dataset/Images/Train/00931_0F48.JPG
37,1,0093_1M53.JPG,/kaggle/input/morph/Dataset/Images/Train/0093_1M53.JPG
22,1,00942_01M38.JPG,/kaggle/input/morph/Dataset/Images/Train/00942_01M38.JPG
16,0,00948_02F32.JPG,/kaggle/input/morph/Dataset/Images/Train/00948_02F32.JPG
16,0,00948_03F32.JPG,/kaggle/input/morph/Dataset/Images/Train/00948_03F32.JPG
12,1,00976_01M28.JPG,/kaggle/input/morph/Dataset/Images/Train/00976_01M28.JPG
20,1,00978_12M36.JPG,/kaggle/input/morph/Dataset/Images/Train/00978_12M36.JPG
19,1,00978_3M35.JPG,/kaggle/input/morph/Dataset/Images/Train/00978_3M35.JPG
19,1,00978_8M35.JPG,/kaggle/input/morph/Dataset/Images/Train/00978_8M35.JPG
20,1,00978_9M36.JPG,/kaggle/input/morph/Dataset/Images/Train/00978_9M36.JPG
11,1,01005_00M27.JPG,/kaggle/input/morph/Dataset/Images/Train/01005_00M27.JPG
12,1,01005_03M28.JPG,/kaggle/input/morph/Dataset/Images/Train/01005_03M28.JPG
27,1,01015_02M43.JPG,/kaggle/input/morph/Dataset/Images/Train/01015_02M43.JPG
2,1,01023_00M18.JPG,/kaggle/input/morph/Dataset/Images/Train/01023_00M18.JPG
20,1,01069_04M36.JPG,/kaggle/input/morph/Dataset/Images/Train/01069_04M36.JPG
7,1,01073_03M23.JPG,/kaggle/input/morph/Dataset/Images/Train/01073_03M23.JPG
10,1,01081_01M26.JPG,/kaggle/input/morph/Dataset/Images/Train/01081_01M26.JPG
10,1,01081_02M26.JPG,/kaggle/input/morph/Dataset/Images/Train/01081_02M26.JPG
9,1,01083_01M25.JPG,/kaggle/input/morph/Dataset/Images/Train/01083_01M25.JPG
10,1,01083_02M26.JPG,/kaggle/input/morph/Dataset/Images/Train/01083_02M26.JPG
11,1,01083_04M27.JPG,/kaggle/input/morph/Dataset/Images/Train/01083_04M27.JPG
19,0,01083_06F35.JPG,/kaggle/input/morph/Dataset/Images/Train/01083_06F35.JPG
2,1,01092_00M18.JPG,/kaggle/input/morph/Dataset/Images/Train/01092_00M18.JPG
4,1,01092_02M20.JPG,/kaggle/input/morph/Dataset/Images/Train/01092_02M20.JPG
10,1,01107_01M26.JPG,/kaggle/input/morph/Dataset/Images/Train/01107_01M26.JPG
17,1,01110_01M33.JPG,/kaggle/input/morph/Dataset/Images/Train/01110_01M33.JPG
30,1,01134_01M46.JPG,/kaggle/input/morph/Dataset/Images/Train/01134_01M46.JPG
23,1,01145_0M39.JPG,/kaggle/input/morph/Dataset/Images/Train/01145_0M39.JPG
24,1,01145_2M40.JPG,/kaggle/input/morph/Dataset/Images/Train/01145_2M40.JPG
25,0,01157_08F41.JPG,/kaggle/input/morph/Dataset/Images/Train/01157_08F41.JPG
22,0,01157_1F38.JPG,/kaggle/input/morph/Dataset/Images/Train/01157_1F38.JPG
23,0,01157_3F39.JPG,/kaggle/input/morph/Dataset/Images/Train/01157_3F39.JPG
26,0,01188_0F42.JPG,/kaggle/input/morph/Dataset/Images/Train/01188_0F42.JPG
12,1,01195_04M28.JPG,/kaggle/input/morph/Dataset/Images/Train/01195_04M28.JPG
20,0,011_0F36.JPG,/kaggle/input/morph/Dataset/Images/Train/011_0F36.JPG
14,1,01204_00M30.JPG,/kaggle/input/morph/Dataset/Images/Train/01204_00M30.JPG
14,1,01204_01M30.JPG,/kaggle/input/morph/Dataset/Images/Train/01204_01M30.JPG
17,1,01205_0M33.JPG,/kaggle/input/morph/Dataset/Images/Train/01205_0M33.JPG
7,1,01219_02M23.JPG,/kaggle/input/morph/Dataset/Images/Train/01219_02M23.JPG
14,1,01221_02M30.JPG,/kaggle/input/morph/Dataset/Images/Train/01221_02M30.JPG
14,1,01221_03M30.JPG,/kaggle/input/morph/Dataset/Images/Train/01221_03M30.JPG
14,0,0122_00F30.JPG,/kaggle/input/morph/Dataset/Images/Train/0122_00F30.JPG
14,0,0122_01F30.JPG,/kaggle/input/morph/Dataset/Images/Train/0122_01F30.JPG
33,1,01239_02M49.JPG,/kaggle/input/morph/Dataset/Images/Train/01239_02M49.JPG
11,1,01239_06M27.JPG,/kaggle/input/morph/Dataset/Images/Train/01239_06M27.JPG
17,1,01252_0M33.JPG,/kaggle/input/morph/Dataset/Images/Train/01252_0M33.JPG
26,1,01283_00M42.JPG,/kaggle/input/morph/Dataset/Images/Train/01283_00M42.JPG
28,1,01314_1M44.JPG,/kaggle/input/morph/Dataset/Images/Train/01314_1M44.JPG
19,1,01319_1M35.JPG,/kaggle/input/morph/Dataset/Images/Train/01319_1M35.JPG
9,1,01322_00M25.JPG,/kaggle/input/morph/Dataset/Images/Train/01322_00M25.JPG
10,1,01322_03M26.JPG,/kaggle/input/morph/Dataset/Images/Train/01322_03M26.JPG
10,1,01322_04M26.JPG,/kaggle/input/morph/Dataset/Images/Train/01322_04M26.JPG
10,1,01322_06M26.JPG,/kaggle/input/morph/Dataset/Images/Train/01322_06M26.JPG
10,1,01322_08M26.JPG,/kaggle/input/morph/Dataset/Images/Train/01322_08M26.JPG
14,1,01345_02M30.JPG,/kaggle/input/morph/Dataset/Images/Train/01345_02M30.JPG
16,1,01345_03M32.JPG,/kaggle/input/morph/Dataset/Images/Train/01345_03M32.JPG
28,1,01347_01M44.JPG,/kaggle/input/morph/Dataset/Images/Train/01347_01M44.JPG
29,1,01347_02M45.JPG,/kaggle/input/morph/Dataset/Images/Train/01347_02M45.JPG
19,0,01353_00F35.JPG,/kaggle/input/morph/Dataset/Images/Train/01353_00F35.JPG
4,1,0136_01M20.JPG,/kaggle/input/morph/Dataset/Images/Train/0136_01M20.JPG
17,1,0137_1M33.JPG,/kaggle/input/morph/Dataset/Images/Train/0137_1M33.JPG
18,1,0137_4M34.JPG,/kaggle/input/morph/Dataset/Images/Train/0137_4M34.JPG
18,1,0137_5M34.JPG,/kaggle/input/morph/Dataset/Images/Train/0137_5M34.JPG
3,1,0142_01M19.JPG,/kaggle/input/morph/Dataset/Images/Train/0142_01M19.JPG
24,1,0142_04M40.JPG,/kaggle/input/morph/Dataset/Images/Train/0142_04M40.JPG
24,1,0142_05M40.JPG,/kaggle/input/morph/Dataset/Images/Train/0142_05M40.JPG
25,1,0142_09M41.JPG,/kaggle/input/morph/Dataset/Images/Train/0142_09M41.JPG
25,1,0142_10M41.JPG,/kaggle/input/morph/Dataset/Images/Train/0142_10M41.JPG
22,1,0142_1M38.JPG,/kaggle/input/morph/Dataset/Images/Train/0142_1M38.JPG
26,1,01443_03M42.JPG,/kaggle/input/morph/Dataset/Images/Train/01443_03M42.JPG
3,1,01446_01M19.JPG,/kaggle/input/morph/Dataset/Images/Train/01446_01M19.JPG
18,1,01453_00M34.JPG,/kaggle/input/morph/Dataset/Images/Train/01453_00M34.JPG
12,1,01505_04M28.JPG,/kaggle/input/morph/Dataset/Images/Train/01505_04M28.JPG
12,1,01505_05M28.JPG,/kaggle/input/morph/Dataset/Images/Train/01505_05M28.JPG
10,1,01506_00M26.JPG,/kaggle/input/morph/Dataset/Images/Train/01506_00M26.JPG
5,1,01517_02M21.JPG,/kaggle/input/morph/Dataset/Images/Train/01517_02M21.JPG
5,1,01523_03M21.JPG,/kaggle/input/morph/Dataset/Images/Train/01523_03M21.JPG
5,1,01523_05M21.JPG,/kaggle/input/morph/Dataset/Images/Train/01523_05M21.JPG
4,1,01541_06M20.JPG,/kaggle/input/morph/Dataset/Images/Train/01541_06M20.JPG
3,0,01543_00F19.JPG,/kaggle/input/morph/Dataset/Images/Train/01543_00F19.JPG
26,1,01561_00M42.JPG,/kaggle/input/morph/Dataset/Images/Train/01561_00M42.JPG
11,1,01566_02M27.JPG,/kaggle/input/morph/Dataset/Images/Train/01566_02M27.JPG
12,1,01566_03M28.JPG,/kaggle/input/morph/Dataset/Images/Train/01566_03M28.JPG
2,1,01572_00M18.JPG,/kaggle/input/morph/Dataset/Images/Train/01572_00M18.JPG
3,1,01572_02M19.JPG,/kaggle/input/morph/Dataset/Images/Train/01572_02M19.JPG
3,1,01572_03M19.JPG,/kaggle/input/morph/Dataset/Images/Train/01572_03M19.JPG
15,1,0157_00M31.JPG,/kaggle/input/morph/Dataset/Images/Train/0157_00M31.JPG
2,1,01591_00M18.JPG,/kaggle/input/morph/Dataset/Images/Train/01591_00M18.JPG
2,1,01594_01M18.JPG,/kaggle/input/morph/Dataset/Images/Train/01594_01M18.JPG
2,1,01594_02M18.JPG,/kaggle/input/morph/Dataset/Images/Train/01594_02M18.JPG
3,1,01603_05M19.JPG,/kaggle/input/morph/Dataset/Images/Train/01603_05M19.JPG
13,0,01614_05F29.JPG,/kaggle/input/morph/Dataset/Images/Train/01614_05F29.JPG
14,0,01614_10F30.JPG,/kaggle/input/morph/Dataset/Images/Train/01614_10F30.JPG
14,0,01614_12F30.JPG,/kaggle/input/morph/Dataset/Images/Train/01614_12F30.JPG
23,0,01627_01F39.JPG,/kaggle/input/morph/Dataset/Images/Train/01627_01F39.JPG
23,0,01627_03F39.JPG,/kaggle/input/morph/Dataset/Images/Train/01627_03F39.JPG
24,0,01627_06F40.JPG,/kaggle/input/morph/Dataset/Images/Train/01627_06F40.JPG
3,1,01644_01M19.JPG,/kaggle/input/morph/Dataset/Images/Train/01644_01M19.JPG
11,1,01656_00M27.JPG,/kaggle/input/morph/Dataset/Images/Train/01656_00M27.JPG
32,1,0165_02M48.JPG,/kaggle/input/morph/Dataset/Images/Train/0165_02M48.JPG
26,1,0166_00M42.JPG,/kaggle/input/morph/Dataset/Images/Train/0166_00M42.JPG
27,1,0166_01M43.JPG,/kaggle/input/morph/Dataset/Images/Train/0166_01M43.JPG
17,0,01680_15F33.JPG,/kaggle/input/morph/Dataset/Images/Train/01680_15F33.JPG
18,0,01680_17F34.JPG,/kaggle/input/morph/Dataset/Images/Train/01680_17F34.JPG
14,0,01680_3F30.JPG,/kaggle/input/morph/Dataset/Images/Train/01680_3F30.JPG
17,0,0170_0F33.JPG,/kaggle/input/morph/Dataset/Images/Train/0170_0F33.JPG
28,1,01731_0M44.JPG,/kaggle/input/morph/Dataset/Images/Train/01731_0M44.JPG
20,1,01741_01M36.JPG,/kaggle/input/morph/Dataset/Images/Train/01741_01M36.JPG
20,1,01741_02M36.JPG,/kaggle/input/morph/Dataset/Images/Train/01741_02M36.JPG
20,1,01741_03M36.JPG,/kaggle/input/morph/Dataset/Images/Train/01741_03M36.JPG
7,0,01748_01F23.JPG,/kaggle/input/morph/Dataset/Images/Train/01748_01F23.JPG
6,1,01755_00M22.JPG,/kaggle/input/morph/Dataset/Images/Train/01755_00M22.JPG
7,1,01755_02M23.JPG,/kaggle/input/morph/Dataset/Images/Train/01755_02M23.JPG
7,1,01755_03M23.JPG,/kaggle/input/morph/Dataset/Images/Train/01755_03M23.JPG
11,0,01761_02F27.JPG,/kaggle/input/morph/Dataset/Images/Train/01761_02F27.JPG
12,1,01812_00M28.JPG,/kaggle/input/morph/Dataset/Images/Train/01812_00M28.JPG
11,1,01817_09M27.JPG,/kaggle/input/morph/Dataset/Images/Train/01817_09M27.JPG
20,1,01823_2M36.JPG,/kaggle/input/morph/Dataset/Images/Train/01823_2M36.JPG
2,1,01886_01M18.JPG,/kaggle/input/morph/Dataset/Images/Train/01886_01M18.JPG
10,1,01893_03M26.JPG,/kaggle/input/morph/Dataset/Images/Train/01893_03M26.JPG
11,1,01893_06M27.JPG,/kaggle/input/morph/Dataset/Images/Train/01893_06M27.JPG
12,1,01893_08M28.JPG,/kaggle/input/morph/Dataset/Images/Train/01893_08M28.JPG
2,1,01894_02M18.JPG,/kaggle/input/morph/Dataset/Images/Train/01894_02M18.JPG
13,1,01902_02M29.JPG,/kaggle/input/morph/Dataset/Images/Train/01902_02M29.JPG
54,1,019066_08M70.JPG,/kaggle/input/morph/Dataset/Images/Train/019066_08M70.JPG
51,1,019066_0M67.JPG,/kaggle/input/morph/Dataset/Images/Train/019066_0M67.JPG
52,1,019066_1M68.JPG,/kaggle/input/morph/Dataset/Images/Train/019066_1M68.JPG
53,1,019066_2M69.JPG,/kaggle/input/morph/Dataset/Images/Train/019066_2M69.JPG
53,1,019066_3M69.JPG,/kaggle/input/morph/Dataset/Images/Train/019066_3M69.JPG
53,1,019066_5M69.JPG,/kaggle/input/morph/Dataset/Images/Train/019066_5M69.JPG
53,1,019066_6M69.JPG,/kaggle/input/morph/Dataset/Images/Train/019066_6M69.JPG
54,1,019066_7M70.JPG,/kaggle/input/morph/Dataset/Images/Train/019066_7M70.JPG
9,1,0193_04M25.JPG,/kaggle/input/morph/Dataset/Images/Train/0193_04M25.JPG
16,1,01974_0M32.JPG,/kaggle/input/morph/Dataset/Images/Train/01974_0M32.JPG
3,1,0198_00M19.JPG,/kaggle/input/morph/Dataset/Images/Train/0198_00M19.JPG
16,1,01_0M32.JPG,/kaggle/input/morph/Dataset/Images/Train/01_0M32.JPG
16,1,02000_0M32.JPG,/kaggle/input/morph/Dataset/Images/Train/02000_0M32.JPG
17,0,02002_00F33.JPG,/kaggle/input/morph/Dataset/Images/Train/02002_00F33.JPG
25,1,02013_06M41.JPG,/kaggle/input/morph/Dataset/Images/Train/02013_06M41.JPG
22,1,02013_0M38.JPG,/kaggle/input/morph/Dataset/Images/Train/02013_0M38.JPG
1,1,02020_00M17.JPG,/kaggle/input/morph/Dataset/Images/Train/02020_00M17.JPG
1,1,02020_01M17.JPG,/kaggle/input/morph/Dataset/Images/Train/02020_01M17.JPG
10,1,02023_00M26.JPG,/kaggle/input/morph/Dataset/Images/Train/02023_00M26.JPG
11,1,02023_03M27.JPG,/kaggle/input/morph/Dataset/Images/Train/02023_03M27.JPG
20,1,02030_0M36.JPG,/kaggle/input/morph/Dataset/Images/Train/02030_0M36.JPG
23,1,02034_02M39.JPG,/kaggle/input/morph/Dataset/Images/Train/02034_02M39.JPG
17,1,02035_00M33.JPG,/kaggle/input/morph/Dataset/Images/Train/02035_00M33.JPG
21,1,02044_08M37.JPG,/kaggle/input/morph/Dataset/Images/Train/02044_08M37.JPG
19,1,02044_3M35.JPG,/kaggle/input/morph/Dataset/Images/Train/02044_3M35.JPG
20,1,02044_5M36.JPG,/kaggle/input/morph/Dataset/Images/Train/02044_5M36.JPG
10,1,02045_01M26.JPG,/kaggle/input/morph/Dataset/Images/Train/02045_01M26.JPG
11,1,02045_12M27.JPG,/kaggle/input/morph/Dataset/Images/Train/02045_12M27.JPG
11,1,02045_14M27.JPG,/kaggle/input/morph/Dataset/Images/Train/02045_14M27.JPG
51,1,020490_0M67.JPG,/kaggle/input/morph/Dataset/Images/Train/020490_0M67.JPG
11,1,02056_01M27.JPG,/kaggle/input/morph/Dataset/Images/Train/02056_01M27.JPG
11,1,02056_02M27.JPG,/kaggle/input/morph/Dataset/Images/Train/02056_02M27.JPG
28,1,02097_0M44.JPG,/kaggle/input/morph/Dataset/Images/Train/02097_0M44.JPG
20,1,02100_00M36.JPG,/kaggle/input/morph/Dataset/Images/Train/02100_00M36.JPG
21,1,02100_04M37.JPG,/kaggle/input/morph/Dataset/Images/Train/02100_04M37.JPG
22,1,02100_06M38.JPG,/kaggle/input/morph/Dataset/Images/Train/02100_06M38.JPG
7,1,02108_03M23.JPG,/kaggle/input/morph/Dataset/Images/Train/02108_03M23.JPG
8,1,02108_06M24.JPG,/kaggle/input/morph/Dataset/Images/Train/02108_06M24.JPG
2,1,02128_05M18.JPG,/kaggle/input/morph/Dataset/Images/Train/02128_05M18.JPG
2,1,02128_06M18.JPG,/kaggle/input/morph/Dataset/Images/Train/02128_06M18.JPG
19,1,02129_01M35.JPG,/kaggle/input/morph/Dataset/Images/Train/02129_01M35.JPG
20,1,02129_04M36.JPG,/kaggle/input/morph/Dataset/Images/Train/02129_04M36.JPG
42,1,02130_00M58.JPG,/kaggle/input/morph/Dataset/Images/Train/02130_00M58.JPG
10,0,02140_00F26.JPG,/kaggle/input/morph/Dataset/Images/Train/02140_00F26.JPG
11,0,02140_02F27.JPG,/kaggle/input/morph/Dataset/Images/Train/02140_02F27.JPG
12,0,02140_06F28.JPG,/kaggle/input/morph/Dataset/Images/Train/02140_06F28.JPG
27,1,02146_02M43.JPG,/kaggle/input/morph/Dataset/Images/Train/02146_02M43.JPG
24,1,02146_0M40.JPG,/kaggle/input/morph/Dataset/Images/Train/02146_0M40.JPG
3,0,02153_02F19.JPG,/kaggle/input/morph/Dataset/Images/Train/02153_02F19.JPG
27,1,02168_05M43.JPG,/kaggle/input/morph/Dataset/Images/Train/02168_05M43.JPG
25,1,02168_1M41.JPG,/kaggle/input/morph/Dataset/Images/Train/02168_1M41.JPG
31,1,02178_01M47.JPG,/kaggle/input/morph/Dataset/Images/Train/02178_01M47.JPG
44,1,02178_1M60.JPG,/kaggle/input/morph/Dataset/Images/Train/02178_1M60.JPG
10,1,02183_02M26.JPG,/kaggle/input/morph/Dataset/Images/Train/02183_02M26.JPG
10,1,02183_05M26.JPG,/kaggle/input/morph/Dataset/Images/Train/02183_05M26.JPG
2,1,02186_01M18.JPG,/kaggle/input/morph/Dataset/Images/Train/02186_01M18.JPG
4,1,02186_02M20.JPG,/kaggle/input/morph/Dataset/Images/Train/02186_02M20.JPG
47,0,021896_0F63.JPG,/kaggle/input/morph/Dataset/Images/Train/021896_0F63.JPG
47,0,021896_1F63.JPG,/kaggle/input/morph/Dataset/Images/Train/021896_1F63.JPG
48,0,021896_2F64.JPG,/kaggle/input/morph/Dataset/Images/Train/021896_2F64.JPG
25,1,02195_02M41.JPG,/kaggle/input/morph/Dataset/Images/Train/02195_02M41.JPG
26,1,02195_04M42.JPG,/kaggle/input/morph/Dataset/Images/Train/02195_04M42.JPG
4,0,02199_00F20.JPG,/kaggle/input/morph/Dataset/Images/Train/02199_00F20.JPG
4,0,02199_01F20.JPG,/kaggle/input/morph/Dataset/Images/Train/02199_01F20.JPG
47,1,022066_00M63.JPG,/kaggle/input/morph/Dataset/Images/Train/022066_00M63.JPG
11,1,02218_00M27.JPG,/kaggle/input/morph/Dataset/Images/Train/02218_00M27.JPG
8,1,0221_00M24.JPG,/kaggle/input/morph/Dataset/Images/Train/0221_00M24.JPG
8,1,0221_01M24.JPG,/kaggle/input/morph/Dataset/Images/Train/0221_01M24.JPG
46,1,022603_0M62.JPG,/kaggle/input/morph/Dataset/Images/Train/022603_0M62.JPG
47,1,022610_00M63.JPG,/kaggle/input/morph/Dataset/Images/Train/022610_00M63.JPG
48,1,022610_01M64.JPG,/kaggle/input/morph/Dataset/Images/Train/022610_01M64.JPG
4,1,02265_01M20.JPG,/kaggle/input/morph/Dataset/Images/Train/02265_01M20.JPG
4,1,02265_03M20.JPG,/kaggle/input/morph/Dataset/Images/Train/02265_03M20.JPG
5,1,02265_08M21.JPG,/kaggle/input/morph/Dataset/Images/Train/02265_08M21.JPG
10,1,02281_00M26.JPG,/kaggle/input/morph/Dataset/Images/Train/02281_00M26.JPG
3,1,02284_00M19.JPG,/kaggle/input/morph/Dataset/Images/Train/02284_00M19.JPG
5,1,02284_01M21.JPG,/kaggle/input/morph/Dataset/Images/Train/02284_01M21.JPG
24,1,02286_3M40.JPG,/kaggle/input/morph/Dataset/Images/Train/02286_3M40.JPG
18,1,02295_6M34.JPG,/kaggle/input/morph/Dataset/Images/Train/02295_6M34.JPG
19,1,02295_7M35.JPG,/kaggle/input/morph/Dataset/Images/Train/02295_7M35.JPG
7,1,02304_01M23.JPG,/kaggle/input/morph/Dataset/Images/Train/02304_01M23.JPG
3,1,02314_00M19.JPG,/kaggle/input/morph/Dataset/Images/Train/02314_00M19.JPG
4,1,02314_01M20.JPG,/kaggle/input/morph/Dataset/Images/Train/02314_01M20.JPG
1,1,02319_00M17.JPG,/kaggle/input/morph/Dataset/Images/Train/02319_00M17.JPG
2,1,02319_02M18.JPG,/kaggle/input/morph/Dataset/Images/Train/02319_02M18.JPG
20,1,02321_5M36.JPG,/kaggle/input/morph/Dataset/Images/Train/02321_5M36.JPG
29,1,02335_02M45.JPG,/kaggle/input/morph/Dataset/Images/Train/02335_02M45.JPG
19,1,02335_04M35.JPG,/kaggle/input/morph/Dataset/Images/Train/02335_04M35.JPG
20,1,02341_0M36.JPG,/kaggle/input/morph/Dataset/Images/Train/02341_0M36.JPG
47,1,023674_0M63.JPG,/kaggle/input/morph/Dataset/Images/Train/023674_0M63.JPG
47,1,023674_1M63.JPG,/kaggle/input/morph/Dataset/Images/Train/023674_1M63.JPG
28,0,02380_00F44.JPG,/kaggle/input/morph/Dataset/Images/Train/02380_00F44.JPG
29,0,02380_01F45.JPG,/kaggle/input/morph/Dataset/Images/Train/02380_01F45.JPG
1,1,02400_00M17.JPG,/kaggle/input/morph/Dataset/Images/Train/02400_00M17.JPG
2,1,02400_02M18.JPG,/kaggle/input/morph/Dataset/Images/Train/02400_02M18.JPG
2,1,02400_05M18.JPG,/kaggle/input/morph/Dataset/Images/Train/02400_05M18.JPG
20,1,02417_0M36.JPG,/kaggle/input/morph/Dataset/Images/Train/02417_0M36.JPG
3,1,0241_01M19.JPG,/kaggle/input/morph/Dataset/Images/Train/0241_01M19.JPG
12,1,02425_04M28.JPG,/kaggle/input/morph/Dataset/Images/Train/02425_04M28.JPG
24,1,02430_06M40.JPG,/kaggle/input/morph/Dataset/Images/Train/02430_06M40.JPG
3,1,02434_02M19.JPG,/kaggle/input/morph/Dataset/Images/Train/02434_02M19.JPG
3,1,02434_03M19.JPG,/kaggle/input/morph/Dataset/Images/Train/02434_03M19.JPG
46,1,024519_0M62.JPG,/kaggle/input/morph/Dataset/Images/Train/024519_0M62.JPG
48,1,024519_1M64.JPG,/kaggle/input/morph/Dataset/Images/Train/024519_1M64.JPG
47,1,024560_00M63.JPG,/kaggle/input/morph/Dataset/Images/Train/024560_00M63.JPG
48,1,024560_01M64.JPG,/kaggle/input/morph/Dataset/Images/Train/024560_01M64.JPG
8,1,02473_00M24.JPG,/kaggle/input/morph/Dataset/Images/Train/02473_00M24.JPG
1,1,0247_00M17.JPG,/kaggle/input/morph/Dataset/Images/Train/0247_00M17.JPG
33,1,024862_0M49.JPG,/kaggle/input/morph/Dataset/Images/Train/024862_0M49.JPG
34,1,024862_1M50.JPG,/kaggle/input/morph/Dataset/Images/Train/024862_1M50.JPG
44,1,024973_1M60.JPG,/kaggle/input/morph/Dataset/Images/Train/024973_1M60.JPG
44,1,024973_2M60.JPG,/kaggle/input/morph/Dataset/Images/Train/024973_2M60.JPG
5,1,02498_00M21.JPG,/kaggle/input/morph/Dataset/Images/Train/02498_00M21.JPG
43,1,025119_0M59.JPG,/kaggle/input/morph/Dataset/Images/Train/025119_0M59.JPG
44,1,025119_1M60.JPG,/kaggle/input/morph/Dataset/Images/Train/025119_1M60.JPG
30,1,02522_00M46.JPG,/kaggle/input/morph/Dataset/Images/Train/02522_00M46.JPG
19,1,0252_0M35.JPG,/kaggle/input/morph/Dataset/Images/Train/0252_0M35.JPG
17,0,02531_0F33.JPG,/kaggle/input/morph/Dataset/Images/Train/02531_0F33.JPG
19,0,02531_17F35.JPG,/kaggle/input/morph/Dataset/Images/Train/02531_17F35.JPG
17,0,02531_3F33.JPG,/kaggle/input/morph/Dataset/Images/Train/02531_3F33.JPG
17,0,02531_6F33.JPG,/kaggle/input/morph/Dataset/Images/Train/02531_6F33.JPG
23,1,02532_08M39.JPG,/kaggle/input/morph/Dataset/Images/Train/02532_08M39.JPG
3,1,02534_02M19.JPG,/kaggle/input/morph/Dataset/Images/Train/02534_02M19.JPG
36,1,02547_1M52.JPG,/kaggle/input/morph/Dataset/Images/Train/02547_1M52.JPG
14,1,02550_02M30.JPG,/kaggle/input/morph/Dataset/Images/Train/02550_02M30.JPG
47,1,025561_02M63.JPG,/kaggle/input/morph/Dataset/Images/Train/025561_02M63.JPG
44,1,025561_0M60.JPG,/kaggle/input/morph/Dataset/Images/Train/025561_0M60.JPG
44,1,025561_1M60.JPG,/kaggle/input/morph/Dataset/Images/Train/025561_1M60.JPG
18,1,02561_2M34.JPG,/kaggle/input/morph/Dataset/Images/Train/02561_2M34.JPG
43,1,025766_0M59.JPG,/kaggle/input/morph/Dataset/Images/Train/025766_0M59.JPG
44,1,025766_1M60.JPG,/kaggle/input/morph/Dataset/Images/Train/025766_1M60.JPG
46,1,025766_2M62.JPG,/kaggle/input/morph/Dataset/Images/Train/025766_2M62.JPG
19,1,02596_09M35.JPG,/kaggle/input/morph/Dataset/Images/Train/02596_09M35.JPG
18,1,02596_4M34.JPG,/kaggle/input/morph/Dataset/Images/Train/02596_4M34.JPG
3,1,02600_00M19.JPG,/kaggle/input/morph/Dataset/Images/Train/02600_00M19.JPG
25,1,02609_0M41.JPG,/kaggle/input/morph/Dataset/Images/Train/02609_0M41.JPG
27,1,02609_2M43.JPG,/kaggle/input/morph/Dataset/Images/Train/02609_2M43.JPG
10,1,02616_00M26.JPG,/kaggle/input/morph/Dataset/Images/Train/02616_00M26.JPG
11,1,02616_01M27.JPG,/kaggle/input/morph/Dataset/Images/Train/02616_01M27.JPG
2,1,0262_02M18.JPG,/kaggle/input/morph/Dataset/Images/Train/0262_02M18.JPG
2,1,0262_03M18.JPG,/kaggle/input/morph/Dataset/Images/Train/0262_03M18.JPG
21,1,02630_01M37.JPG,/kaggle/input/morph/Dataset/Images/Train/02630_01M37.JPG
9,1,02635_00M25.JPG,/kaggle/input/morph/Dataset/Images/Train/02635_00M25.JPG
24,1,02636_03M40.JPG,/kaggle/input/morph/Dataset/Images/Train/02636_03M40.JPG
12,1,02640_00M28.JPG,/kaggle/input/morph/Dataset/Images/Train/02640_00M28.JPG
26,1,02648_0M42.JPG,/kaggle/input/morph/Dataset/Images/Train/02648_0M42.JPG
26,1,02648_1M42.JPG,/kaggle/input/morph/Dataset/Images/Train/02648_1M42.JPG
14,1,02658_0M30.JPG,/kaggle/input/morph/Dataset/Images/Train/02658_0M30.JPG
17,1,02659_2M33.JPG,/kaggle/input/morph/Dataset/Images/Train/02659_2M33.JPG
48,1,026625_02M64.JPG,/kaggle/input/morph/Dataset/Images/Train/026625_02M64.JPG
32,1,02669_02M48.JPG,/kaggle/input/morph/Dataset/Images/Train/02669_02M48.JPG
31,1,02669_0M47.JPG,/kaggle/input/morph/Dataset/Images/Train/02669_0M47.JPG
4,1,02675_00M20.JPG,/kaggle/input/morph/Dataset/Images/Train/02675_00M20.JPG
45,1,026931_00M61.JPG,/kaggle/input/morph/Dataset/Images/Train/026931_00M61.JPG
46,1,026931_01M62.JPG,/kaggle/input/morph/Dataset/Images/Train/026931_01M62.JPG
46,1,026931_02M62.JPG,/kaggle/input/morph/Dataset/Images/Train/026931_02M62.JPG
26,0,02693_01F42.JPG,/kaggle/input/morph/Dataset/Images/Train/02693_01F42.JPG
43,1,026988_0M59.JPG,/kaggle/input/morph/Dataset/Images/Train/026988_0M59.JPG
45,1,026988_1M61.JPG,/kaggle/input/morph/Dataset/Images/Train/026988_1M61.JPG
42,1,027017_0M58.JPG,/kaggle/input/morph/Dataset/Images/Train/027017_0M58.JPG
42,1,027017_1M58.JPG,/kaggle/input/morph/Dataset/Images/Train/027017_1M58.JPG
45,1,027017_2M61.JPG,/kaggle/input/morph/Dataset/Images/Train/027017_2M61.JPG
30,1,02701_08M46.JPG,/kaggle/input/morph/Dataset/Images/Train/02701_08M46.JPG
32,1,02701_09M48.JPG,/kaggle/input/morph/Dataset/Images/Train/02701_09M48.JPG
27,1,02701_2M43.JPG,/kaggle/input/morph/Dataset/Images/Train/02701_2M43.JPG
30,1,02701_5M46.JPG,/kaggle/input/morph/Dataset/Images/Train/02701_5M46.JPG
13,1,02707_01M29.JPG,/kaggle/input/morph/Dataset/Images/Train/02707_01M29.JPG
14,1,02707_02M30.JPG,/kaggle/input/morph/Dataset/Images/Train/02707_02M30.JPG
19,1,02707_1M35.JPG,/kaggle/input/morph/Dataset/Images/Train/02707_1M35.JPG
43,1,027288_0M59.JPG,/kaggle/input/morph/Dataset/Images/Train/027288_0M59.JPG
43,1,027288_1M59.JPG,/kaggle/input/morph/Dataset/Images/Train/027288_1M59.JPG
44,1,027288_3M60.JPG,/kaggle/input/morph/Dataset/Images/Train/027288_3M60.JPG
44,1,027288_4M60.JPG,/kaggle/input/morph/Dataset/Images/Train/027288_4M60.JPG
45,1,027288_5M61.JPG,/kaggle/input/morph/Dataset/Images/Train/027288_5M61.JPG
45,1,027288_6M61.JPG,/kaggle/input/morph/Dataset/Images/Train/027288_6M61.JPG
51,1,027324_02M67.JPG,/kaggle/input/morph/Dataset/Images/Train/027324_02M67.JPG
48,1,027324_1M64.JPG,/kaggle/input/morph/Dataset/Images/Train/027324_1M64.JPG
2,1,02736_03M18.JPG,/kaggle/input/morph/Dataset/Images/Train/02736_03M18.JPG
15,1,02744_02M31.JPG,/kaggle/input/morph/Dataset/Images/Train/02744_02M31.JPG
34,1,02748_00M50.JPG,/kaggle/input/morph/Dataset/Images/Train/02748_00M50.JPG
34,1,02748_01M50.JPG,/kaggle/input/morph/Dataset/Images/Train/02748_01M50.JPG
45,1,027529_00M61.JPG,/kaggle/input/morph/Dataset/Images/Train/027529_00M61.JPG
42,1,027740_0M58.JPG,/kaggle/input/morph/Dataset/Images/Train/027740_0M58.JPG
43,1,027740_1M59.JPG,/kaggle/input/morph/Dataset/Images/Train/027740_1M59.JPG
43,1,027740_2M59.JPG,/kaggle/input/morph/Dataset/Images/Train/027740_2M59.JPG
45,1,027761_03M61.JPG,/kaggle/input/morph/Dataset/Images/Train/027761_03M61.JPG
46,1,027761_04M62.JPG,/kaggle/input/morph/Dataset/Images/Train/027761_04M62.JPG
42,1,027761_1M58.JPG,/kaggle/input/morph/Dataset/Images/Train/027761_1M58.JPG
10,1,02778_01M26.JPG,/kaggle/input/morph/Dataset/Images/Train/02778_01M26.JPG
21,1,02791_03M37.JPG,/kaggle/input/morph/Dataset/Images/Train/02791_03M37.JPG
30,1,02792_02M46.JPG,/kaggle/input/morph/Dataset/Images/Train/02792_02M46.JPG
42,1,027930_1M58.JPG,/kaggle/input/morph/Dataset/Images/Train/027930_1M58.JPG
26,1,02799_05M42.JPG,/kaggle/input/morph/Dataset/Images/Train/02799_05M42.JPG
10,1,02807_03M26.JPG,/kaggle/input/morph/Dataset/Images/Train/02807_03M26.JPG
10,1,02807_04M26.JPG,/kaggle/input/morph/Dataset/Images/Train/02807_04M26.JPG
3,1,02813_02M19.JPG,/kaggle/input/morph/Dataset/Images/Train/02813_02M19.JPG
47,1,028189_0M63.JPG,/kaggle/input/morph/Dataset/Images/Train/028189_0M63.JPG
47,1,028189_1M63.JPG,/kaggle/input/morph/Dataset/Images/Train/028189_1M63.JPG
48,1,028189_2M64.JPG,/kaggle/input/morph/Dataset/Images/Train/028189_2M64.JPG
49,1,028302_0M65.JPG,/kaggle/input/morph/Dataset/Images/Train/028302_0M65.JPG
49,1,028302_1M65.JPG,/kaggle/input/morph/Dataset/Images/Train/028302_1M65.JPG
49,1,028302_3M65.JPG,/kaggle/input/morph/Dataset/Images/Train/028302_3M65.JPG
51,1,028302_4M67.JPG,/kaggle/input/morph/Dataset/Images/Train/028302_4M67.JPG
19,1,02843_03M35.JPG,/kaggle/input/morph/Dataset/Images/Train/02843_03M35.JPG
44,1,028580_0M60.JPG,/kaggle/input/morph/Dataset/Images/Train/028580_0M60.JPG
44,1,028580_1M60.JPG,/kaggle/input/morph/Dataset/Images/Train/028580_1M60.JPG
26,1,02858_1M42.JPG,/kaggle/input/morph/Dataset/Images/Train/02858_1M42.JPG
27,1,02858_2M43.JPG,/kaggle/input/morph/Dataset/Images/Train/02858_2M43.JPG
21,1,02863_07M37.JPG,/kaggle/input/morph/Dataset/Images/Train/02863_07M37.JPG
17,1,02863_0M33.JPG,/kaggle/input/morph/Dataset/Images/Train/02863_0M33.JPG
18,1,02863_2M34.JPG,/kaggle/input/morph/Dataset/Images/Train/02863_2M34.JPG
42,1,028644_0M58.JPG,/kaggle/input/morph/Dataset/Images/Train/028644_0M58.JPG
45,1,028644_1M61.JPG,/kaggle/input/morph/Dataset/Images/Train/028644_1M61.JPG
13,1,02878_00M29.JPG,/kaggle/input/morph/Dataset/Images/Train/02878_00M29.JPG
13,1,02878_01M29.JPG,/kaggle/input/morph/Dataset/Images/Train/02878_01M29.JPG
13,1,02878_02M29.JPG,/kaggle/input/morph/Dataset/Images/Train/02878_02M29.JPG
13,1,02878_03M29.JPG,/kaggle/input/morph/Dataset/Images/Train/02878_03M29.JPG
25,1,02881_02M41.JPG,/kaggle/input/morph/Dataset/Images/Train/02881_02M41.JPG
2,1,02885_01M18.JPG,/kaggle/input/morph/Dataset/Images/Train/02885_01M18.JPG
2,1,02885_02M18.JPG,/kaggle/input/morph/Dataset/Images/Train/02885_02M18.JPG
3,1,02885_03M19.JPG,/kaggle/input/morph/Dataset/Images/Train/02885_03M19.JPG
8,0,02903_00F24.JPG,/kaggle/input/morph/Dataset/Images/Train/02903_00F24.JPG
28,1,02909_0M44.JPG,/kaggle/input/morph/Dataset/Images/Train/02909_0M44.JPG
29,1,02909_1M45.JPG,/kaggle/input/morph/Dataset/Images/Train/02909_1M45.JPG
41,1,029417_2M57.JPG,/kaggle/input/morph/Dataset/Images/Train/029417_2M57.JPG
40,1,029485_0M56.JPG,/kaggle/input/morph/Dataset/Images/Train/029485_0M56.JPG
42,1,029485_1M58.JPG,/kaggle/input/morph/Dataset/Images/Train/029485_1M58.JPG
12,0,02953_03F28.JPG,/kaggle/input/morph/Dataset/Images/Train/02953_03F28.JPG
4,1,02953_04M20.JPG,/kaggle/input/morph/Dataset/Images/Train/02953_04M20.JPG
12,0,02953_05F28.JPG,/kaggle/input/morph/Dataset/Images/Train/02953_05F28.JPG
1,1,02970_02M17.JPG,/kaggle/input/morph/Dataset/Images/Train/02970_02M17.JPG
49,1,029783_01M65.JPG,/kaggle/input/morph/Dataset/Images/Train/029783_01M65.JPG
49,1,029783_02M65.JPG,/kaggle/input/morph/Dataset/Images/Train/029783_02M65.JPG
2,1,02985_01M18.JPG,/kaggle/input/morph/Dataset/Images/Train/02985_01M18.JPG
3,1,02985_02M19.JPG,/kaggle/input/morph/Dataset/Images/Train/02985_02M19.JPG
5,1,02987_01M21.JPG,/kaggle/input/morph/Dataset/Images/Train/02987_01M21.JPG
41,1,029908_0M57.JPG,/kaggle/input/morph/Dataset/Images/Train/029908_0M57.JPG
42,1,029908_1M58.JPG,/kaggle/input/morph/Dataset/Images/Train/029908_1M58.JPG
42,1,029908_2M58.JPG,/kaggle/input/morph/Dataset/Images/Train/029908_2M58.JPG
25,1,02996_0M41.JPG,/kaggle/input/morph/Dataset/Images/Train/02996_0M41.JPG
41,1,029983_0M57.JPG,/kaggle/input/morph/Dataset/Images/Train/029983_0M57.JPG
43,1,029983_1M59.JPG,/kaggle/input/morph/Dataset/Images/Train/029983_1M59.JPG
26,1,03000_04M42.JPG,/kaggle/input/morph/Dataset/Images/Train/03000_04M42.JPG
43,1,030067_02M59.JPG,/kaggle/input/morph/Dataset/Images/Train/030067_02M59.JPG
43,1,030067_03M59.JPG,/kaggle/input/morph/Dataset/Images/Train/030067_03M59.JPG
44,1,030067_04M60.JPG,/kaggle/input/morph/Dataset/Images/Train/030067_04M60.JPG
14,0,03007_01F30.JPG,/kaggle/input/morph/Dataset/Images/Train/03007_01F30.JPG
14,0,03007_02F30.JPG,/kaggle/input/morph/Dataset/Images/Train/03007_02F30.JPG
40,1,030091_0M56.JPG,/kaggle/input/morph/Dataset/Images/Train/030091_0M56.JPG
40,1,030091_1M56.JPG,/kaggle/input/morph/Dataset/Images/Train/030091_1M56.JPG
49,1,030104_1M65.JPG,/kaggle/input/morph/Dataset/Images/Train/030104_1M65.JPG
17,1,03024_1M33.JPG,/kaggle/input/morph/Dataset/Images/Train/03024_1M33.JPG
2,1,03025_04M18.JPG,/kaggle/input/morph/Dataset/Images/Train/03025_04M18.JPG
40,1,030267_1M56.JPG,/kaggle/input/morph/Dataset/Images/Train/030267_1M56.JPG
41,1,030267_2M57.JPG,/kaggle/input/morph/Dataset/Images/Train/030267_2M57.JPG